
[
    {
	"id": "1",
        "image": "assets/alacena_flotante.png",
        "title": "Alacena flotante",
        "price": "$123.45",
        "description": "Descripción del mueble 1."
    },
    {
	"id": "2",
        "image": "assets/cajonera.png",
        "title": "Cajonera slift",
        "price": "$70000",
        "description": "Una cajonera de melamina, cajones a eleccion, 8 cajones por defecto."
    },
    {
	"id": "3",
        "image": "assets/placard.png",
        "title": "Nombre del Mueble 3",
        "price": "$678.90",
        "description": "Descripción del mueble 3."
    },
    {
	"id": "4",
        "image": "assets/escritorio2.png",
        "title": "Nombre del Mueble 3",
        "price": "$678.90",
        "description": "Descripción del mueble 3."
    },
    {
	"id": "5",
        "image": "assets/mesa_luz.png",
        "title": "Nombre del Mueble 3",
        "price": "$678.90",
        "description": "Descripción del mueble 3."
    },
	{
		"id": "6",
        "image": "assets/about.jpg",
        "title": "Nombre del Mueble 3",
        "price": "$678.90",
        "description": "Material: Melamina con acabado en gris oscuro, simulando madera. Diseño: Sencillo y funcional, con líneas rectas y tiradores metálicos. Cinco cajones de igual tamaño. Diseño versátil que combina con diferentes estilos."
    }
]
